<?xml version="1.0" encoding="UTF-8" standalone="yes"?>
<app version="1">
  <name>SDcafiine</name>
  <coder>Chadderz Maschell</coder>
  <url>https://github.com/Maschell/SDCafiine</url>
  <version>1.0</version>
  <release_date>20160627131800</release_date>
  <short_description>SDCafiine (HBL version)</short_description>
  <long_description>To log the accessed paths, put a file named "ip.txt" on to your sd card at "sd:/wiiu/ip.txt". The file needs to contain ONLY an local IP4 address (e.g. "192.168.0.1") of the PC running the logging server.The logging will start when the SD is initialized for the first time (When the game is booting).

CREDITS : Cafiine creation - chadderz (and MrBean35000vr ?) Inital SDCafiine creation - golden45 (see https://gbatemp.net/goto/post?id=5680630) HBL support and further improvements - Maschell
Icon and Meta by pwsincd
  </long_description>

</app>
