<?xml version="1.0" encoding="UTF-8" standalone="yes"?>
<app version="1">
  <name>nnu-patcher</name>
  <coder>dibas, based on FIX94's patch</coder>
  <version>0.1</version>
  <url>https://gbatemp.net/threads/nnu-patcher-for-the-homebrew-launcher.424732/</url>
  <release_date>20160429120000</release_date>
  <short_description>Nintendo eShop Update Patcher</short_description>
  <long_description>nnu-patcher allows you to start the Nintendo eShop on a lower firmware, if you have your firmware spoofed to the latest one available.
  </long_description>
</app>
