<?xml version="1.0" encoding="UTF-8" standalone="yes"?>
<app version="1">
  <name>PacMan</name>
  <coder>RYUUTSEKU85</coder>
  <version>2.1B</version>
  <release_date>20160712210000</release_date>
  <short_description>WiiU Homebrew</short_description> 
  <long_description>
  !!!THIS VERSION IS A BETA!!!!
  Thanks to Brienj who figure out a way to speed 
  the game a little.
  thanks to VGMoose to share his knowledge.
  Thanks to PWsincd for the safe place (you know what i mean).
  Thanks to all of the player !!!
  
  

  </long_description> 

</app>